{
  "version": 1,
  "author": "Gustavo Monteiro",
  "editor": "wokwi",
  "parts": [
    { "type": "board-esp32-s2-devkitm-1", "id": "esp", "top": 33.33, "left": 25.32, "attrs": {} },
    {
      "type": "wokwi-led",
      "id": "led1",
      "top": 214.39,
      "left": -111.38,
      "rotate": 270,
      "attrs": { "color": "red" }
    },
    {
      "type": "wokwi-led",
      "id": "led2",
      "top": 142.29,
      "left": -112.28,
      "rotate": 270,
      "attrs": { "color": "red" }
    },
    {
      "type": "wokwi-led",
      "id": "led3",
      "top": 166.28,
      "left": -106.82,
      "rotate": 270,
      "attrs": { "color": "red" }
    },
    {
      "type": "wokwi-led",
      "id": "led4",
      "top": 190.76,
      "left": -111.17,
      "rotate": 270,
      "attrs": { "color": "red" }
    },
    {
      "type": "wokwi-buzzer",
      "id": "bz1",
      "top": 87.88,
      "left": -182.36,
      "rotate": 270,
      "attrs": { "volume": "0.1" }
    },
    {
      "type": "wokwi-pushbutton",
      "id": "btn1",
      "top": 294.78,
      "left": -60.35,
      "rotate": 90,
      "attrs": { "color": "red" }
    },
    {
      "type": "wokwi-pushbutton",
      "id": "btn2",
      "top": 295.74,
      "left": -134.3,
      "rotate": 90,
      "attrs": { "color": "blue" }
    },
    {
      "type": "wokwi-photoresistor-sensor",
      "id": "ldr1",
      "top": -5.22,
      "left": -127.66,
      "rotate": 90,
      "attrs": {}
    },
    {
      "type": "wokwi-resistor",
      "id": "r1",
      "top": 253.35,
      "left": -45.72,
      "rotate": 180,
      "attrs": { "value": "1000" }
    }
  ],
  "connections": [
    [ "esp:TX", "$serialMonitor:RX", "", [] ],
    [ "esp:RX", "$serialMonitor:TX", "", [] ],
    [ "ldr1:GND", "esp:GND.1", "black", [ "v0" ] ],
    [ "r1:1", "esp:GND.1", "black", [ "v6.54", "h20.09" ] ],
    [ "led1:C", "r1:2", "black", [ "h0" ] ],
    [ "led4:C", "r1:2", "black", [ "h0" ] ],
    [ "led3:C", "r1:2", "black", [ "h0" ] ],
    [ "led2:C", "r1:2", "black", [ "h0" ] ],
    [ "bz1:1", "r1:2", "black", [ "h0" ] ],
    [ "bz1:2", "esp:7", "green", [ "h0" ] ],
    [ "led2:A", "esp:8", "green", [ "h80.78", "v-18.22" ] ],
    [ "led3:A", "esp:9", "green", [ "h73.31", "v-12.74", "h15.41", "v-18.76" ] ],
    [ "led4:A", "esp:10", "green", [ "h83.69", "v-15.78" ] ],
    [ "led1:A", "esp:11", "green", [ "h94.62", "v-55.49" ] ],
    [ "ldr1:AO", "esp:14", "blue", [ "v0" ] ],
    [ "ldr1:VCC", "esp:17", "red", [ "v0" ] ],
    [ "btn2:2.r", "esp:GND.1", "black", [ "v18.12", "h137.18" ] ],
    [ "btn1:2.r", "esp:GND.1", "black", [ "v1.27", "h65.11" ] ],
    [ "btn2:1.l", "esp:15", "green", [ "v-33.3", "h102.81", "v-41.15" ] ],
    [ "btn1:1.l", "esp:16", "green", [ "v0" ] ]
  ]
}